ksec,ksec_file,advapi,advapi_file,kind,head16
ksec_after_gather_01,results/sample01_samples/ksec_after_gather_01/outbuf_100.bin,advapi_ioctl_01,results/sample01_samples/advapi_ioctl_01/outbuf_100.bin,exact_256,72e4f5915eaf084298d096b28281f2c3
ksec_after_gather_02,results/sample01_samples/ksec_after_gather_02/outbuf_100.bin,advapi_ioctl_03,results/sample01_samples/advapi_ioctl_03/outbuf_100.bin,exact_256,57b2b4307f4ef53a326ac60fea7c78ea
ksec_after_gather_03,results/sample01_samples/ksec_after_gather_03/outbuf_100.bin,advapi_ioctl_05,results/sample01_samples/advapi_ioctl_05/outbuf_100.bin,exact_256,6be1855e572bd94e73b5d3dc216d82a9
ksec_after_gather_04,results/sample01_samples/ksec_after_gather_04/outbuf_100.bin,advapi_ioctl_07,results/sample01_samples/advapi_ioctl_07/outbuf_100.bin,exact_256,04fdc51998e04d84daa952b51801d9f9
ksec_after_gather_05,results/sample01_samples/ksec_after_gather_05/outbuf_100.bin,advapi_ioctl_09,results/sample01_samples/advapi_ioctl_09/outbuf_100.bin,exact_256,6f3ab449e345c53ac9b8abbe57be0f9f
ksec_after_gather_06,results/sample01_samples/ksec_after_gather_06/outbuf_100.bin,advapi_ioctl_11,results/sample01_samples/advapi_ioctl_11/outbuf_100.bin,exact_256,4b869f4bbd2bede760818229e6fdf2c0
ksec_after_gather_07,results/sample01_samples/ksec_after_gather_07/outbuf_100.bin,advapi_ioctl_13,results/sample01_samples/advapi_ioctl_13/outbuf_100.bin,exact_256,7f3e38a0c27c057f94263956e1d017b2
ksec_after_gather_08,results/sample01_samples/ksec_after_gather_08/outbuf_100.bin,advapi_ioctl_15,results/sample01_samples/advapi_ioctl_15/outbuf_100.bin,exact_256,76a58a4c7f84677e210a48bc87b9c36a
ksec_pre_return_01,results/sample01_samples/ksec_pre_return_01/outbuf_100.bin,advapi_ioctl_01,results/sample01_samples/advapi_ioctl_01/outbuf_100.bin,exact_256,72e4f5915eaf084298d096b28281f2c3
ksec_pre_return_02,results/sample01_samples/ksec_pre_return_02/outbuf_100.bin,advapi_ioctl_03,results/sample01_samples/advapi_ioctl_03/outbuf_100.bin,exact_256,57b2b4307f4ef53a326ac60fea7c78ea
ksec_pre_return_03,results/sample01_samples/ksec_pre_return_03/outbuf_100.bin,advapi_ioctl_05,results/sample01_samples/advapi_ioctl_05/outbuf_100.bin,exact_256,6be1855e572bd94e73b5d3dc216d82a9
ksec_pre_return_04,results/sample01_samples/ksec_pre_return_04/outbuf_100.bin,advapi_ioctl_07,results/sample01_samples/advapi_ioctl_07/outbuf_100.bin,exact_256,04fdc51998e04d84daa952b51801d9f9
ksec_pre_return_05,results/sample01_samples/ksec_pre_return_05/outbuf_100.bin,advapi_ioctl_09,results/sample01_samples/advapi_ioctl_09/outbuf_100.bin,exact_256,6f3ab449e345c53ac9b8abbe57be0f9f
ksec_pre_return_06,results/sample01_samples/ksec_pre_return_06/outbuf_100.bin,advapi_ioctl_11,results/sample01_samples/advapi_ioctl_11/outbuf_100.bin,exact_256,4b869f4bbd2bede760818229e6fdf2c0
ksec_pre_return_07,results/sample01_samples/ksec_pre_return_07/outbuf_100.bin,advapi_ioctl_13,results/sample01_samples/advapi_ioctl_13/outbuf_100.bin,exact_256,7f3e38a0c27c057f94263956e1d017b2
ksec_pre_return_08,results/sample01_samples/ksec_pre_return_08/outbuf_100.bin,advapi_ioctl_15,results/sample01_samples/advapi_ioctl_15/outbuf_100.bin,exact_256,76a58a4c7f84677e210a48bc87b9c36a
